{"status": "ok", "result": {"MFPT": 0.24948312768133146, "duration": 1.1453295195185056}}