N,MFPT,
2,0.2577294843033048,
4,0.2829326002926288,
8,0.3455567691130939,
16,0.537108575316615,
32,1.5429910752298905,
64,25.623504241259827
